platform,user_id,anomaly_type,timestamp,details,solution,action_taken
OFPPT Langues,user1,multiple_ips,2025-07-29 19:40:30,"Connexions depuis multiples IPs (192.168.1.151, 192.168.1.198) pour Marie Pichon (user1) sur OFPPT Langues",Demander une réauthentification,Alerte envoyée à l'utilisateur
OFPPT Langues,user21,multiple_ips,2025-07-29 19:41:02,"Connexions depuis multiples IPs (192.168.1.52, 192.168.1.246) pour Sylvie Klein (user21) sur OFPPT Langues",Demander une réauthentification,Alerte envoyée à l'utilisateur
Electude,user27,multiple_ips,2025-07-29 19:40:30,"Connexions depuis multiples IPs (192.168.1.177, 192.168.1.122) pour Sabine Voisin (user27) sur Electude",Demander une réauthentification,Alerte envoyée à l'utilisateur
Electude,user30,multiple_ips,2025-07-29 19:40:30,"Connexions depuis multiples IPs (192.168.1.164, 192.168.1.112) pour Élodie Brun (user30) sur Electude",Demander une réauthentification,Alerte envoyée à l'utilisateur
OFPPT Academy,user41,multiple_ips,2025-07-29 19:40:30,"Connexions depuis multiples IPs (192.168.1.125, 192.168.1.102) pour Noël Raynaud (user41) sur OFPPT Academy",Demander une réauthentification,Alerte envoyée à l'utilisateur
OFPPT Academy,user52,multiple_ips,2025-07-29 19:41:02,"Connexions depuis multiples IPs (192.168.1.118, 192.168.1.84) pour Marc Weiss (user52) sur OFPPT Academy",Demander une réauthentification,Alerte envoyée à l'utilisateur
ScholarVox,user69,multiple_ips,2025-07-29 19:41:02,"Connexions depuis multiples IPs (192.168.1.132, 192.168.1.37) pour Victoire Martineau (user69) sur ScholarVox",Demander une réauthentification,Alerte envoyée à l'utilisateur
OFPPT Langues,user75,multiple_ips,2025-07-29 19:40:30,"Connexions depuis multiples IPs (192.168.1.38, 192.168.1.244) pour Mathilde Fleury (user75) sur OFPPT Langues",Demander une réauthentification,Alerte envoyée à l'utilisateur
OFPPT Academy,user79,multiple_ips,2025-07-29 19:40:30,"Connexions depuis multiples IPs (192.168.1.49, 192.168.1.95) pour Patrick Laurent (user79) sur OFPPT Academy",Demander une réauthentification,Alerte envoyée à l'utilisateur
ScholarVox,user86,multiple_ips,2025-07-29 19:40:30,"Connexions depuis multiples IPs (192.168.1.222, 10.0.0.92) pour Michelle Humbert (user86) sur ScholarVox",Demander une réauthentification,Alerte envoyée à l'utilisateur
OFPPT Academy,user87,multiple_ips,2025-07-29 19:40:30,"Connexions depuis multiples IPs (192.168.1.157, 192.168.1.168, 192.168.1.178) pour Michèle Perret (user87) sur OFPPT Academy",Demander une réauthentification,Alerte envoyée à l'utilisateur
OFPPT Academy,user35,unauthorized_access,2025-07-29 19:40:30,Tentative d'accès non autorisée pour Denise Hoareau (user35) sur OFPPT Academy,Bloquer temporairement le compte,Utilisateur user35 bloqué temporairement sur OFPPT Academy
OFPPT Academy,user83,unauthorized_access,2025-07-29 19:40:30,Tentative d'accès non autorisée pour Julien Chartier (user83) sur OFPPT Academy,Bloquer temporairement le compte,Utilisateur user83 bloqué temporairement sur OFPPT Academy
Electude,user28,unauthorized_access,2025-07-29 19:40:30,Tentative d'accès non autorisée pour Vincent Daniel (user28) sur Electude,Bloquer temporairement le compte,Utilisateur user28 bloqué temporairement sur Electude
OFPPT Langues,user37,unauthorized_access,2025-07-29 19:40:30,Tentative d'accès non autorisée pour Gilbert Andre (user37) sur OFPPT Langues,Bloquer temporairement le compte,Utilisateur user37 bloqué temporairement sur OFPPT Langues
Electude,user36,unauthorized_access,2025-07-29 19:41:02,Tentative d'accès non autorisée pour Claire Nicolas (user36) sur Electude,Bloquer temporairement le compte,Utilisateur user36 bloqué temporairement sur Electude
ScholarVox,user32,unauthorized_access,2025-07-29 19:41:02,Tentative d'accès non autorisée pour Alexandria Leroux (user32) sur ScholarVox,Bloquer temporairement le compte,Utilisateur user32 bloqué temporairement sur ScholarVox
ScholarVox,user72,unauthorized_access,2025-07-29 19:41:02,Tentative d'accès non autorisée pour Pauline Delattre (user72) sur ScholarVox,Bloquer temporairement le compte,Utilisateur user72 bloqué temporairement sur ScholarVox
OFPPT Academy,user52,unauthorized_access,2025-07-29 19:41:02,Tentative d'accès non autorisée pour Marc Weiss (user52) sur OFPPT Academy,Bloquer temporairement le compte,Utilisateur user52 bloqué temporairement sur OFPPT Academy
ScholarVox,user42,unauthorized_access,2025-07-29 19:41:02,Tentative d'accès non autorisée pour Alain Le Gall (user42) sur ScholarVox,Bloquer temporairement le compte,Utilisateur user42 bloqué temporairement sur ScholarVox
OFPPT Langues,user42,unauthorized_access,2025-07-29 19:41:02,Tentative d'accès non autorisée pour Alain Le Gall (user42) sur OFPPT Langues,Bloquer temporairement le compte,Utilisateur user42 bloqué temporairement sur OFPPT Langues
ScholarVox,user69,unauthorized_access,2025-07-29 19:41:02,Tentative d'accès non autorisée pour Victoire Martineau (user69) sur ScholarVox,Bloquer temporairement le compte,Utilisateur user69 bloqué temporairement sur ScholarVox
OFPPT Langues,user84,unauthorized_access,2025-07-29 19:41:02,Tentative d'accès non autorisée pour Thomas Hoareau (user84) sur OFPPT Langues,Bloquer temporairement le compte,Utilisateur user84 bloqué temporairement sur OFPPT Langues
ScholarVox,user66,suspicious_ip,2025-07-29 19:40:30,Connexion depuis une IP suspecte (203.0.113.1) pour Jean Boutin (user66) sur ScholarVox,Blacklister l'IP et demander une authentification,Utilisateur user66 bloqué temporairement sur ScholarVox
OFPPT Langues,user79,suspicious_ip,2025-07-29 19:40:30,Connexion depuis une IP suspecte (203.0.113.1) pour Patrick Laurent (user79) sur OFPPT Langues,Blacklister l'IP et demander une authentification,Utilisateur user79 bloqué temporairement sur OFPPT Langues
OFPPT Academy,user87,unusual_hour,2025-07-31 00:34:32,Connexion à une heure inhabituelle pour Michèle Perret (user87) sur OFPPT Academy,Demander une authentification supplémentaire,Alerte envoyée à l'utilisateur
OFPPT Academy,user90,unusual_hour,2025-07-31 00:34:32,Connexion à une heure inhabituelle pour Margaret Pruvost (user90) sur OFPPT Academy,Demander une authentification supplémentaire,Alerte envoyée à l'utilisateur
OFPPT Academy,user55,unusual_hour,2025-07-31 00:34:32,Connexion à une heure inhabituelle pour Valentine Chauveau (user55) sur OFPPT Academy,Demander une authentification supplémentaire,Alerte envoyée à l'utilisateur
OFPPT Academy,user9,unusual_hour,2025-07-31 00:34:32,Connexion à une heure inhabituelle pour Alain Regnier (user9) sur OFPPT Academy,Demander une authentification supplémentaire,Alerte envoyée à l'utilisateur
ScholarVox,user66,unusual_hour,2025-07-31 00:34:32,Connexion à une heure inhabituelle pour Jean Boutin (user66) sur ScholarVox,Demander une authentification supplémentaire,Alerte envoyée à l'utilisateur
OFPPT Academy,user21,unusual_hour,2025-07-31 00:34:32,Connexion à une heure inhabituelle pour Sylvie Klein (user21) sur OFPPT Academy,Demander une authentification supplémentaire,Alerte envoyée à l'utilisateur
Electude,user14,unusual_hour,2025-07-31 00:34:32,Connexion à une heure inhabituelle pour Daniel Lesage (user14) sur Electude,Demander une authentification supplémentaire,Alerte envoyée à l'utilisateur
Electude,user84,unusual_hour,2025-07-31 00:34:32,Connexion à une heure inhabituelle pour Thomas Hoareau (user84) sur Electude,Demander une authentification supplémentaire,Alerte envoyée à l'utilisateur
Electude,user44,unusual_hour,2025-07-31 00:34:32,Connexion à une heure inhabituelle pour Émilie Monnier (user44) sur Electude,Demander une authentification supplémentaire,Alerte envoyée à l'utilisateur
ScholarVox,user29,unusual_hour,2025-07-31 00:34:32,Connexion à une heure inhabituelle pour Léon Guyot (user29) sur ScholarVox,Demander une authentification supplémentaire,Alerte envoyée à l'utilisateur
OFPPT Academy,user2,unusual_hour,2025-07-31 00:34:32,Connexion à une heure inhabituelle pour Michelle Samson (user2) sur OFPPT Academy,Demander une authentification supplémentaire,Alerte envoyée à l'utilisateur
OFPPT Langues,user83,unusual_hour,2025-07-31 00:34:32,Connexion à une heure inhabituelle pour Julien Chartier (user83) sur OFPPT Langues,Demander une authentification supplémentaire,Alerte envoyée à l'utilisateur
OFPPT Langues,user95,unusual_hour,2025-07-31 00:34:32,Connexion à une heure inhabituelle pour Henriette Fontaine (user95) sur OFPPT Langues,Demander une authentification supplémentaire,Alerte envoyée à l'utilisateur
OFPPT Langues,user98,unusual_hour,2025-07-31 00:34:32,Connexion à une heure inhabituelle pour Lucas Rey (user98) sur OFPPT Langues,Demander une authentification supplémentaire,Alerte envoyée à l'utilisateur
OFPPT Academy,user67,unusual_hour,2025-07-31 00:34:32,Connexion à une heure inhabituelle pour Joséphine Hebert (user67) sur OFPPT Academy,Demander une authentification supplémentaire,Alerte envoyée à l'utilisateur
OFPPT Langues,user88,unusual_hour,2025-07-31 00:34:32,Connexion à une heure inhabituelle pour Pauline Lemaître (user88) sur OFPPT Langues,Demander une authentification supplémentaire,Alerte envoyée à l'utilisateur
Electude,user30,unusual_hour,2025-07-31 00:34:32,Connexion à une heure inhabituelle pour Élodie Brun (user30) sur Electude,Demander une authentification supplémentaire,Alerte envoyée à l'utilisateur
OFPPT Academy,user40,unusual_hour,2025-07-31 00:34:32,Connexion à une heure inhabituelle pour Audrey Mahe (user40) sur OFPPT Academy,Demander une authentification supplémentaire,Alerte envoyée à l'utilisateur
Electude,user41,unusual_hour,2025-07-31 00:34:32,Connexion à une heure inhabituelle pour Noël Raynaud (user41) sur Electude,Demander une authentification supplémentaire,Alerte envoyée à l'utilisateur
OFPPT Academy,user87,unusual_hour,2025-07-31 00:34:32,Connexion à une heure inhabituelle pour Michèle Perret (user87) sur OFPPT Academy,Demander une authentification supplémentaire,Alerte envoyée à l'utilisateur
OFPPT Langues,user20,unusual_hour,2025-07-31 00:34:32,Connexion à une heure inhabituelle pour Richard Letellier (user20) sur OFPPT Langues,Demander une authentification supplémentaire,Alerte envoyée à l'utilisateur
OFPPT Langues,user44,unusual_hour,2025-07-31 00:34:32,Connexion à une heure inhabituelle pour Émilie Monnier (user44) sur OFPPT Langues,Demander une authentification supplémentaire,Alerte envoyée à l'utilisateur
Electude,user84,unusual_hour,2025-07-31 00:34:32,Connexion à une heure inhabituelle pour Thomas Hoareau (user84) sur Electude,Demander une authentification supplémentaire,Alerte envoyée à l'utilisateur
ScholarVox,user56,unusual_hour,2025-07-31 00:34:32,Connexion à une heure inhabituelle pour Catherine David (user56) sur ScholarVox,Demander une authentification supplémentaire,Alerte envoyée à l'utilisateur
OFPPT Langues,user51,unusual_hour,2025-07-31 00:34:32,Connexion à une heure inhabituelle pour Nicolas Fernandez (user51) sur OFPPT Langues,Demander une authentification supplémentaire,Alerte envoyée à l'utilisateur
OFPPT Academy,user38,unusual_hour,2025-07-31 00:34:32,Connexion à une heure inhabituelle pour Étienne Gomes (user38) sur OFPPT Academy,Demander une authentification supplémentaire,Alerte envoyée à l'utilisateur
OFPPT Academy,user76,unusual_hour,2025-07-31 00:34:32,Connexion à une heure inhabituelle pour Julien Martins (user76) sur OFPPT Academy,Demander une authentification supplémentaire,Alerte envoyée à l'utilisateur
Electude,user21,unusual_hour,2025-07-31 00:34:32,Connexion à une heure inhabituelle pour Sylvie Klein (user21) sur Electude,Demander une authentification supplémentaire,Alerte envoyée à l'utilisateur
OFPPT Langues,user95,unusual_hour,2025-07-31 00:34:32,Connexion à une heure inhabituelle pour Henriette Fontaine (user95) sur OFPPT Langues,Demander une authentification supplémentaire,Alerte envoyée à l'utilisateur
OFPPT Academy,user1,unusual_hour,2025-07-31 00:34:32,Connexion à une heure inhabituelle pour Marie Pichon (user1) sur OFPPT Academy,Demander une authentification supplémentaire,Alerte envoyée à l'utilisateur
ScholarVox,user90,unusual_hour,2025-07-31 00:34:32,Connexion à une heure inhabituelle pour Margaret Pruvost (user90) sur ScholarVox,Demander une authentification supplémentaire,Alerte envoyée à l'utilisateur
ScholarVox,user90,unusual_hour,2025-07-31 00:34:32,Connexion à une heure inhabituelle pour Margaret Pruvost (user90) sur ScholarVox,Demander une authentification supplémentaire,Alerte envoyée à l'utilisateur
OFPPT Academy,user8,unusual_hour,2025-07-31 00:34:32,Connexion à une heure inhabituelle pour Théophile Pires (user8) sur OFPPT Academy,Demander une authentification supplémentaire,Alerte envoyée à l'utilisateur
OFPPT Langues,user79,unusual_hour,2025-07-31 00:34:32,Connexion à une heure inhabituelle pour Patrick Laurent (user79) sur OFPPT Langues,Demander une authentification supplémentaire,Alerte envoyée à l'utilisateur
OFPPT Academy,user92,unusual_hour,2025-07-31 00:34:32,Connexion à une heure inhabituelle pour Andrée Lecoq (user92) sur OFPPT Academy,Demander une authentification supplémentaire,Alerte envoyée à l'utilisateur
OFPPT Academy,user41,unusual_hour,2025-07-31 00:34:32,Connexion à une heure inhabituelle pour Noël Raynaud (user41) sur OFPPT Academy,Demander une authentification supplémentaire,Alerte envoyée à l'utilisateur
ScholarVox,user3,unusual_hour,2025-07-31 00:34:32,Connexion à une heure inhabituelle pour Simone Ruiz (user3) sur ScholarVox,Demander une authentification supplémentaire,Alerte envoyée à l'utilisateur
OFPPT Academy,user100,unusual_hour,2025-07-31 00:34:32,Connexion à une heure inhabituelle pour Hortense Bernier (user100) sur OFPPT Academy,Demander une authentification supplémentaire,Alerte envoyée à l'utilisateur
OFPPT Langues,user7,unusual_hour,2025-07-31 00:34:32,Connexion à une heure inhabituelle pour Olivier Gros (user7) sur OFPPT Langues,Demander une authentification supplémentaire,Alerte envoyée à l'utilisateur
Electude,user94,unusual_hour,2025-07-31 00:34:32,Connexion à une heure inhabituelle pour Xavier Chartier (user94) sur Electude,Demander une authentification supplémentaire,Alerte envoyée à l'utilisateur
OFPPT Langues,user16,unusual_hour,2025-07-31 00:34:32,Connexion à une heure inhabituelle pour Jean Guillou (user16) sur OFPPT Langues,Demander une authentification supplémentaire,Alerte envoyée à l'utilisateur
OFPPT Langues,user66,unusual_hour,2025-07-31 00:34:32,Connexion à une heure inhabituelle pour Jean Boutin (user66) sur OFPPT Langues,Demander une authentification supplémentaire,Alerte envoyée à l'utilisateur
Electude,user3,unusual_hour,2025-07-31 00:34:32,Connexion à une heure inhabituelle pour Simone Ruiz (user3) sur Electude,Demander une authentification supplémentaire,Alerte envoyée à l'utilisateur
Electude,user38,unusual_hour,2025-07-31 00:34:32,Connexion à une heure inhabituelle pour Étienne Gomes (user38) sur Electude,Demander une authentification supplémentaire,Alerte envoyée à l'utilisateur
OFPPT Langues,user62,unusual_hour,2025-07-31 00:34:32,Connexion à une heure inhabituelle pour Margaret Perrier (user62) sur OFPPT Langues,Demander une authentification supplémentaire,Alerte envoyée à l'utilisateur
OFPPT Langues,user38,unusual_hour,2025-07-31 00:34:32,Connexion à une heure inhabituelle pour Étienne Gomes (user38) sur OFPPT Langues,Demander une authentification supplémentaire,Alerte envoyée à l'utilisateur
ScholarVox,user35,unusual_hour,2025-07-31 00:35:02,Connexion à une heure inhabituelle pour Denise Hoareau (user35) sur ScholarVox,Demander une authentification supplémentaire,Alerte envoyée à l'utilisateur
Electude,user51,unusual_hour,2025-07-31 00:35:02,Connexion à une heure inhabituelle pour Nicolas Fernandez (user51) sur Electude,Demander une authentification supplémentaire,Alerte envoyée à l'utilisateur
OFPPT Langues,user18,unusual_hour,2025-07-31 00:35:02,Connexion à une heure inhabituelle pour Sébastien Rolland (user18) sur OFPPT Langues,Demander une authentification supplémentaire,Alerte envoyée à l'utilisateur
OFPPT Academy,user33,unusual_hour,2025-07-31 00:35:02,Connexion à une heure inhabituelle pour Colette Aubert (user33) sur OFPPT Academy,Demander une authentification supplémentaire,Alerte envoyée à l'utilisateur
OFPPT Langues,user67,unusual_hour,2025-07-31 00:35:02,Connexion à une heure inhabituelle pour Joséphine Hebert (user67) sur OFPPT Langues,Demander une authentification supplémentaire,Alerte envoyée à l'utilisateur
OFPPT Langues,user30,unusual_hour,2025-07-31 00:35:02,Connexion à une heure inhabituelle pour Élodie Brun (user30) sur OFPPT Langues,Demander une authentification supplémentaire,Alerte envoyée à l'utilisateur
OFPPT Academy,user98,unusual_hour,2025-07-31 00:35:02,Connexion à une heure inhabituelle pour Lucas Rey (user98) sur OFPPT Academy,Demander une authentification supplémentaire,Alerte envoyée à l'utilisateur
Electude,user30,unusual_hour,2025-07-31 00:35:02,Connexion à une heure inhabituelle pour Élodie Brun (user30) sur Electude,Demander une authentification supplémentaire,Alerte envoyée à l'utilisateur
OFPPT Langues,user66,unusual_hour,2025-07-31 00:35:02,Connexion à une heure inhabituelle pour Jean Boutin (user66) sur OFPPT Langues,Demander une authentification supplémentaire,Alerte envoyée à l'utilisateur
OFPPT Langues,user41,unusual_hour,2025-07-31 00:35:02,Connexion à une heure inhabituelle pour Noël Raynaud (user41) sur OFPPT Langues,Demander une authentification supplémentaire,Alerte envoyée à l'utilisateur
OFPPT Langues,user79,unusual_hour,2025-07-31 00:35:02,Connexion à une heure inhabituelle pour Patrick Laurent (user79) sur OFPPT Langues,Demander une authentification supplémentaire,Alerte envoyée à l'utilisateur
Electude,user54,unusual_hour,2025-07-31 00:35:02,Connexion à une heure inhabituelle pour Monique Bouvier (user54) sur Electude,Demander une authentification supplémentaire,Alerte envoyée à l'utilisateur
OFPPT Academy,user39,unusual_hour,2025-07-31 00:35:02,Connexion à une heure inhabituelle pour Marie Perrot (user39) sur OFPPT Academy,Demander une authentification supplémentaire,Alerte envoyée à l'utilisateur
Electude,user71,unusual_hour,2025-07-31 00:35:02,Connexion à une heure inhabituelle pour Jérôme François (user71) sur Electude,Demander une authentification supplémentaire,Alerte envoyée à l'utilisateur
Electude,user9,unusual_hour,2025-07-31 00:35:02,Connexion à une heure inhabituelle pour Alain Regnier (user9) sur Electude,Demander une authentification supplémentaire,Alerte envoyée à l'utilisateur
Electude,user16,unusual_hour,2025-07-31 00:35:02,Connexion à une heure inhabituelle pour Jean Guillou (user16) sur Electude,Demander une authentification supplémentaire,Alerte envoyée à l'utilisateur
ScholarVox,user84,unusual_hour,2025-07-31 00:35:02,Connexion à une heure inhabituelle pour Thomas Hoareau (user84) sur ScholarVox,Demander une authentification supplémentaire,Alerte envoyée à l'utilisateur
OFPPT Academy,user16,unusual_hour,2025-07-31 00:35:02,Connexion à une heure inhabituelle pour Jean Guillou (user16) sur OFPPT Academy,Demander une authentification supplémentaire,Alerte envoyée à l'utilisateur
ScholarVox,user38,unusual_hour,2025-07-31 00:35:02,Connexion à une heure inhabituelle pour Étienne Gomes (user38) sur ScholarVox,Demander une authentification supplémentaire,Alerte envoyée à l'utilisateur
Electude,user66,unusual_hour,2025-07-31 00:35:02,Connexion à une heure inhabituelle pour Jean Boutin (user66) sur Electude,Demander une authentification supplémentaire,Alerte envoyée à l'utilisateur
ScholarVox,user76,unusual_hour,2025-07-31 00:35:02,Connexion à une heure inhabituelle pour Julien Martins (user76) sur ScholarVox,Demander une authentification supplémentaire,Alerte envoyée à l'utilisateur
OFPPT Langues,user29,unusual_hour,2025-07-31 00:35:02,Connexion à une heure inhabituelle pour Léon Guyot (user29) sur OFPPT Langues,Demander une authentification supplémentaire,Alerte envoyée à l'utilisateur
Electude,user94,unusual_hour,2025-07-31 00:35:02,Connexion à une heure inhabituelle pour Xavier Chartier (user94) sur Electude,Demander une authentification supplémentaire,Alerte envoyée à l'utilisateur
ScholarVox,user32,unusual_hour,2025-07-31 00:35:02,Connexion à une heure inhabituelle pour Alexandria Leroux (user32) sur ScholarVox,Demander une authentification supplémentaire,Alerte envoyée à l'utilisateur
OFPPT Langues,user83,unusual_hour,2025-07-31 00:35:02,Connexion à une heure inhabituelle pour Julien Chartier (user83) sur OFPPT Langues,Demander une authentification supplémentaire,Alerte envoyée à l'utilisateur
OFPPT Academy,user83,unusual_hour,2025-07-31 00:35:02,Connexion à une heure inhabituelle pour Julien Chartier (user83) sur OFPPT Academy,Demander une authentification supplémentaire,Alerte envoyée à l'utilisateur
OFPPT Langues,user48,unusual_hour,2025-07-31 00:35:02,Connexion à une heure inhabituelle pour Arnaude Fournier (user48) sur OFPPT Langues,Demander une authentification supplémentaire,Alerte envoyée à l'utilisateur
OFPPT Langues,user74,unusual_hour,2025-07-31 00:35:02,Connexion à une heure inhabituelle pour Christine Michaud (user74) sur OFPPT Langues,Demander une authentification supplémentaire,Alerte envoyée à l'utilisateur
OFPPT Academy,user27,unusual_hour,2025-07-31 00:35:02,Connexion à une heure inhabituelle pour Sabine Voisin (user27) sur OFPPT Academy,Demander une authentification supplémentaire,Alerte envoyée à l'utilisateur
OFPPT Academy,user4,unusual_hour,2025-07-31 00:35:02,Connexion à une heure inhabituelle pour Susanne Bodin (user4) sur OFPPT Academy,Demander une authentification supplémentaire,Alerte envoyée à l'utilisateur
OFPPT Langues,user12,unusual_hour,2025-07-31 00:35:02,Connexion à une heure inhabituelle pour Maurice Denis (user12) sur OFPPT Langues,Demander une authentification supplémentaire,Alerte envoyée à l'utilisateur
Electude,user87,unusual_hour,2025-07-31 00:35:02,Connexion à une heure inhabituelle pour Michèle Perret (user87) sur Electude,Demander une authentification supplémentaire,Alerte envoyée à l'utilisateur
OFPPT Academy,user4,unusual_hour,2025-07-31 00:35:02,Connexion à une heure inhabituelle pour Susanne Bodin (user4) sur OFPPT Academy,Demander une authentification supplémentaire,Alerte envoyée à l'utilisateur
OFPPT Langues,user83,unusual_hour,2025-07-31 00:35:02,Connexion à une heure inhabituelle pour Julien Chartier (user83) sur OFPPT Langues,Demander une authentification supplémentaire,Alerte envoyée à l'utilisateur
ScholarVox,user54,unusual_hour,2025-07-31 00:35:02,Connexion à une heure inhabituelle pour Monique Bouvier (user54) sur ScholarVox,Demander une authentification supplémentaire,Alerte envoyée à l'utilisateur
OFPPT Academy,user21,unusual_hour,2025-07-31 00:35:02,Connexion à une heure inhabituelle pour Sylvie Klein (user21) sur OFPPT Academy,Demander une authentification supplémentaire,Alerte envoyée à l'utilisateur
ScholarVox,user60,unusual_hour,2025-07-31 00:35:02,Connexion à une heure inhabituelle pour Luc Guillou (user60) sur ScholarVox,Demander une authentification supplémentaire,Alerte envoyée à l'utilisateur
ScholarVox,user48,unusual_hour,2025-07-31 00:35:02,Connexion à une heure inhabituelle pour Arnaude Fournier (user48) sur ScholarVox,Demander une authentification supplémentaire,Alerte envoyée à l'utilisateur
ScholarVox,user4,unusual_hour,2025-07-31 00:35:02,Connexion à une heure inhabituelle pour Susanne Bodin (user4) sur ScholarVox,Demander une authentification supplémentaire,Alerte envoyée à l'utilisateur
OFPPT Langues,user97,unusual_hour,2025-07-31 00:35:02,Connexion à une heure inhabituelle pour Auguste Lefort (user97) sur OFPPT Langues,Demander une authentification supplémentaire,Alerte envoyée à l'utilisateur
OFPPT Academy,user71,unusual_hour,2025-07-31 00:35:02,Connexion à une heure inhabituelle pour Jérôme François (user71) sur OFPPT Academy,Demander une authentification supplémentaire,Alerte envoyée à l'utilisateur
OFPPT Academy,user39,unusual_hour,2025-07-31 00:35:02,Connexion à une heure inhabituelle pour Marie Perrot (user39) sur OFPPT Academy,Demander une authentification supplémentaire,Alerte envoyée à l'utilisateur
OFPPT Academy,user22,unusual_hour,2025-07-31 00:35:02,Connexion à une heure inhabituelle pour Laetitia Grégoire (user22) sur OFPPT Academy,Demander une authentification supplémentaire,Alerte envoyée à l'utilisateur
OFPPT Langues,user19,unusual_hour,2025-07-31 00:35:02,Connexion à une heure inhabituelle pour Brigitte Besson (user19) sur OFPPT Langues,Demander une authentification supplémentaire,Alerte envoyée à l'utilisateur
OFPPT Academy,user13,unusual_hour,2025-07-31 00:35:02,Connexion à une heure inhabituelle pour Philippine Durand (user13) sur OFPPT Academy,Demander une authentification supplémentaire,Alerte envoyée à l'utilisateur
OFPPT Langues,user12,unusual_hour,2025-07-31 00:35:02,Connexion à une heure inhabituelle pour Maurice Denis (user12) sur OFPPT Langues,Demander une authentification supplémentaire,Alerte envoyée à l'utilisateur
OFPPT Academy,user3,unusual_hour,2025-07-31 00:35:02,Connexion à une heure inhabituelle pour Simone Ruiz (user3) sur OFPPT Academy,Demander une authentification supplémentaire,Alerte envoyée à l'utilisateur
Electude,user58,unusual_hour,2025-07-31 00:35:02,Connexion à une heure inhabituelle pour Maggie Charrier (user58) sur Electude,Demander une authentification supplémentaire,Alerte envoyée à l'utilisateur
Electude,user29,unusual_hour,2025-07-31 00:35:02,Connexion à une heure inhabituelle pour Léon Guyot (user29) sur Electude,Demander une authentification supplémentaire,Alerte envoyée à l'utilisateur
ScholarVox,user17,unusual_hour,2025-07-31 00:35:02,Connexion à une heure inhabituelle pour Margaux Gilles (user17) sur ScholarVox,Demander une authentification supplémentaire,Alerte envoyée à l'utilisateur
ScholarVox,user29,unusual_hour,2025-07-31 00:35:32,Connexion à une heure inhabituelle pour Léon Guyot (user29) sur ScholarVox,Demander une authentification supplémentaire,Alerte envoyée à l'utilisateur
OFPPT Academy,user58,unusual_hour,2025-07-31 00:35:32,Connexion à une heure inhabituelle pour Maggie Charrier (user58) sur OFPPT Academy,Demander une authentification supplémentaire,Alerte envoyée à l'utilisateur
ScholarVox,user19,unusual_hour,2025-07-31 00:35:32,Connexion à une heure inhabituelle pour Brigitte Besson (user19) sur ScholarVox,Demander une authentification supplémentaire,Alerte envoyée à l'utilisateur
OFPPT Langues,user7,unusual_hour,2025-07-31 00:35:32,Connexion à une heure inhabituelle pour Olivier Gros (user7) sur OFPPT Langues,Demander une authentification supplémentaire,Alerte envoyée à l'utilisateur
Electude,user47,unusual_hour,2025-07-31 00:35:32,Connexion à une heure inhabituelle pour Patricia Baudry (user47) sur Electude,Demander une authentification supplémentaire,Alerte envoyée à l'utilisateur
ScholarVox,user27,unusual_hour,2025-07-31 00:35:32,Connexion à une heure inhabituelle pour Sabine Voisin (user27) sur ScholarVox,Demander une authentification supplémentaire,Alerte envoyée à l'utilisateur
Electude,user59,unusual_hour,2025-07-31 00:35:32,Connexion à une heure inhabituelle pour Henriette Barre (user59) sur Electude,Demander une authentification supplémentaire,Alerte envoyée à l'utilisateur
OFPPT Langues,user39,unusual_hour,2025-07-31 00:35:32,Connexion à une heure inhabituelle pour Marie Perrot (user39) sur OFPPT Langues,Demander une authentification supplémentaire,Alerte envoyée à l'utilisateur
ScholarVox,user54,unusual_hour,2025-07-31 00:35:32,Connexion à une heure inhabituelle pour Monique Bouvier (user54) sur ScholarVox,Demander une authentification supplémentaire,Alerte envoyée à l'utilisateur
OFPPT Langues,user4,unusual_hour,2025-07-31 00:35:32,Connexion à une heure inhabituelle pour Susanne Bodin (user4) sur OFPPT Langues,Demander une authentification supplémentaire,Alerte envoyée à l'utilisateur
OFPPT Academy,user32,unusual_hour,2025-07-31 00:35:32,Connexion à une heure inhabituelle pour Alexandria Leroux (user32) sur OFPPT Academy,Demander une authentification supplémentaire,Alerte envoyée à l'utilisateur
Electude,user80,unusual_hour,2025-07-31 00:35:32,Connexion à une heure inhabituelle pour Antoine Boulay (user80) sur Electude,Demander une authentification supplémentaire,Alerte envoyée à l'utilisateur
ScholarVox,user39,unusual_hour,2025-07-31 00:35:32,Connexion à une heure inhabituelle pour Marie Perrot (user39) sur ScholarVox,Demander une authentification supplémentaire,Alerte envoyée à l'utilisateur
Electude,user82,unusual_hour,2025-07-31 00:35:32,Connexion à une heure inhabituelle pour Auguste Dumont (user82) sur Electude,Demander une authentification supplémentaire,Alerte envoyée à l'utilisateur
OFPPT Langues,user18,unusual_hour,2025-07-31 00:35:32,Connexion à une heure inhabituelle pour Sébastien Rolland (user18) sur OFPPT Langues,Demander une authentification supplémentaire,Alerte envoyée à l'utilisateur
Electude,user57,unusual_hour,2025-07-31 00:35:32,Connexion à une heure inhabituelle pour Sylvie Prévost (user57) sur Electude,Demander une authentification supplémentaire,Alerte envoyée à l'utilisateur
OFPPT Langues,user4,unusual_hour,2025-07-31 00:35:32,Connexion à une heure inhabituelle pour Susanne Bodin (user4) sur OFPPT Langues,Demander une authentification supplémentaire,Alerte envoyée à l'utilisateur
OFPPT Langues,user17,unusual_hour,2025-07-31 00:35:32,Connexion à une heure inhabituelle pour Margaux Gilles (user17) sur OFPPT Langues,Demander une authentification supplémentaire,Alerte envoyée à l'utilisateur
OFPPT Langues,user6,unusual_hour,2025-07-31 00:35:32,Connexion à une heure inhabituelle pour Luce Laine (user6) sur OFPPT Langues,Demander une authentification supplémentaire,Alerte envoyée à l'utilisateur
OFPPT Academy,user22,unusual_hour,2025-07-31 00:35:32,Connexion à une heure inhabituelle pour Laetitia Grégoire (user22) sur OFPPT Academy,Demander une authentification supplémentaire,Alerte envoyée à l'utilisateur
ScholarVox,user85,unusual_hour,2025-07-31 00:35:32,Connexion à une heure inhabituelle pour Matthieu Gosselin (user85) sur ScholarVox,Demander une authentification supplémentaire,Alerte envoyée à l'utilisateur
ScholarVox,user52,unusual_hour,2025-07-31 00:35:32,Connexion à une heure inhabituelle pour Marc Weiss (user52) sur ScholarVox,Demander une authentification supplémentaire,Alerte envoyée à l'utilisateur
Electude,user32,unusual_hour,2025-07-31 00:35:32,Connexion à une heure inhabituelle pour Alexandria Leroux (user32) sur Electude,Demander une authentification supplémentaire,Alerte envoyée à l'utilisateur
OFPPT Langues,user78,unusual_hour,2025-07-31 00:35:32,Connexion à une heure inhabituelle pour Eugène Laporte (user78) sur OFPPT Langues,Demander une authentification supplémentaire,Alerte envoyée à l'utilisateur
ScholarVox,user26,unusual_hour,2025-07-31 00:35:32,Connexion à une heure inhabituelle pour Philippine Guérin (user26) sur ScholarVox,Demander une authentification supplémentaire,Alerte envoyée à l'utilisateur
Electude,user13,unusual_hour,2025-07-31 00:35:32,Connexion à une heure inhabituelle pour Philippine Durand (user13) sur Electude,Demander une authentification supplémentaire,Alerte envoyée à l'utilisateur
Electude,user51,unusual_hour,2025-07-31 00:35:32,Connexion à une heure inhabituelle pour Nicolas Fernandez (user51) sur Electude,Demander une authentification supplémentaire,Alerte envoyée à l'utilisateur
ScholarVox,user15,unusual_hour,2025-07-31 00:35:32,Connexion à une heure inhabituelle pour Brigitte Marin (user15) sur ScholarVox,Demander une authentification supplémentaire,Alerte envoyée à l'utilisateur
OFPPT Academy,user78,unusual_hour,2025-07-31 00:35:32,Connexion à une heure inhabituelle pour Eugène Laporte (user78) sur OFPPT Academy,Demander une authentification supplémentaire,Alerte envoyée à l'utilisateur
OFPPT Langues,user76,unusual_hour,2025-07-31 00:35:32,Connexion à une heure inhabituelle pour Julien Martins (user76) sur OFPPT Langues,Demander une authentification supplémentaire,Alerte envoyée à l'utilisateur
Electude,user8,unusual_hour,2025-07-31 00:35:32,Connexion à une heure inhabituelle pour Théophile Pires (user8) sur Electude,Demander une authentification supplémentaire,Alerte envoyée à l'utilisateur
Electude,user1,unusual_hour,2025-07-31 00:35:32,Connexion à une heure inhabituelle pour Marie Pichon (user1) sur Electude,Demander une authentification supplémentaire,Alerte envoyée à l'utilisateur
OFPPT Academy,user70,unusual_hour,2025-07-31 00:35:32,Connexion à une heure inhabituelle pour Alice Lebrun (user70) sur OFPPT Academy,Demander une authentification supplémentaire,Alerte envoyée à l'utilisateur
Electude,user19,unusual_hour,2025-07-31 00:35:32,Connexion à une heure inhabituelle pour Brigitte Besson (user19) sur Electude,Demander une authentification supplémentaire,Alerte envoyée à l'utilisateur
OFPPT Academy,user41,unusual_hour,2025-07-31 00:35:32,Connexion à une heure inhabituelle pour Noël Raynaud (user41) sur OFPPT Academy,Demander une authentification supplémentaire,Alerte envoyée à l'utilisateur
Electude,user93,unusual_hour,2025-07-31 00:35:32,Connexion à une heure inhabituelle pour Chantal Jacques (user93) sur Electude,Demander une authentification supplémentaire,Alerte envoyée à l'utilisateur
OFPPT Langues,user47,unusual_hour,2025-07-31 00:35:32,Connexion à une heure inhabituelle pour Patricia Baudry (user47) sur OFPPT Langues,Demander une authentification supplémentaire,Alerte envoyée à l'utilisateur
ScholarVox,user95,unusual_hour,2025-07-31 00:35:32,Connexion à une heure inhabituelle pour Henriette Fontaine (user95) sur ScholarVox,Demander une authentification supplémentaire,Alerte envoyée à l'utilisateur
OFPPT Langues,user73,unusual_hour,2025-07-31 00:35:32,Connexion à une heure inhabituelle pour Capucine Millet (user73) sur OFPPT Langues,Demander une authentification supplémentaire,Alerte envoyée à l'utilisateur
ScholarVox,user86,unusual_hour,2025-07-31 00:35:32,Connexion à une heure inhabituelle pour Michelle Humbert (user86) sur ScholarVox,Demander une authentification supplémentaire,Alerte envoyée à l'utilisateur
ScholarVox,user28,unusual_hour,2025-07-31 00:35:32,Connexion à une heure inhabituelle pour Vincent Daniel (user28) sur ScholarVox,Demander une authentification supplémentaire,Alerte envoyée à l'utilisateur
ScholarVox,user87,unusual_hour,2025-07-31 00:35:32,Connexion à une heure inhabituelle pour Michèle Perret (user87) sur ScholarVox,Demander une authentification supplémentaire,Alerte envoyée à l'utilisateur
Electude,user11,unusual_hour,2025-07-31 00:35:32,Connexion à une heure inhabituelle pour Henriette Louis (user11) sur Electude,Demander une authentification supplémentaire,Alerte envoyée à l'utilisateur
ScholarVox,user92,unusual_hour,2025-07-31 00:35:32,Connexion à une heure inhabituelle pour Andrée Lecoq (user92) sur ScholarVox,Demander une authentification supplémentaire,Alerte envoyée à l'utilisateur
OFPPT Langues,user85,unusual_hour,2025-07-31 00:35:32,Connexion à une heure inhabituelle pour Matthieu Gosselin (user85) sur OFPPT Langues,Demander une authentification supplémentaire,Alerte envoyée à l'utilisateur
ScholarVox,user53,unusual_hour,2025-07-31 00:35:32,Connexion à une heure inhabituelle pour Clémence Dufour (user53) sur ScholarVox,Demander une authentification supplémentaire,Alerte envoyée à l'utilisateur
OFPPT Academy,user21,unusual_hour,2025-07-31 00:35:32,Connexion à une heure inhabituelle pour Sylvie Klein (user21) sur OFPPT Academy,Demander une authentification supplémentaire,Alerte envoyée à l'utilisateur
OFPPT Langues,user75,unusual_hour,2025-07-31 00:35:32,Connexion à une heure inhabituelle pour Mathilde Fleury (user75) sur OFPPT Langues,Demander une authentification supplémentaire,Alerte envoyée à l'utilisateur
Electude,user52,unusual_hour,2025-07-31 00:35:32,Connexion à une heure inhabituelle pour Marc Weiss (user52) sur Electude,Demander une authentification supplémentaire,Alerte envoyée à l'utilisateur
ScholarVox,user27,unusual_hour,2025-07-31 00:35:32,Connexion à une heure inhabituelle pour Sabine Voisin (user27) sur ScholarVox,Demander une authentification supplémentaire,Alerte envoyée à l'utilisateur
OFPPT Langues,user12,multiple_ips,2025-07-31 00:35:02,"Connexions depuis multiples IPs (192.168.1.191, 192.168.1.81) pour Maurice Denis (user12) sur OFPPT Langues",Demander une réauthentification,Alerte envoyée à l'utilisateur
OFPPT Langues,user18,multiple_ips,2025-07-31 00:35:02,"Connexions depuis multiples IPs (192.168.1.156, 192.168.1.4) pour Sébastien Rolland (user18) sur OFPPT Langues",Demander une réauthentification,Alerte envoyée à l'utilisateur
OFPPT Academy,user21,multiple_ips,2025-07-31 00:34:32,"Connexions depuis multiples IPs (192.168.1.47, 192.168.1.57) pour Sylvie Klein (user21) sur OFPPT Academy",Demander une réauthentification,Alerte envoyée à l'utilisateur
OFPPT Academy,user22,multiple_ips,2025-07-31 00:35:02,"Connexions depuis multiples IPs (192.168.1.189, 192.168.1.202) pour Laetitia Grégoire (user22) sur OFPPT Academy",Demander une réauthentification,Alerte envoyée à l'utilisateur
ScholarVox,user27,multiple_ips,2025-07-31 00:35:32,"Connexions depuis multiples IPs (192.168.1.114, 192.168.1.29) pour Sabine Voisin (user27) sur ScholarVox",Demander une réauthentification,Alerte envoyée à l'utilisateur
ScholarVox,user29,multiple_ips,2025-07-31 00:34:32,"Connexions depuis multiples IPs (192.168.1.98, 192.168.1.188) pour Léon Guyot (user29) sur ScholarVox",Demander une réauthentification,Alerte envoyée à l'utilisateur
Electude,user30,multiple_ips,2025-07-31 00:34:32,"Connexions depuis multiples IPs (192.168.1.78, 192.168.1.43) pour Élodie Brun (user30) sur Electude",Demander une réauthentification,Alerte envoyée à l'utilisateur
OFPPT Academy,user39,multiple_ips,2025-07-31 00:35:02,"Connexions depuis multiples IPs (192.168.1.190, 192.168.1.20) pour Marie Perrot (user39) sur OFPPT Academy",Demander une réauthentification,Alerte envoyée à l'utilisateur
OFPPT Academy,user4,multiple_ips,2025-07-31 00:35:02,"Connexions depuis multiples IPs (192.168.1.87, 192.168.1.75) pour Susanne Bodin (user4) sur OFPPT Academy",Demander une réauthentification,Alerte envoyée à l'utilisateur
OFPPT Langues,user4,multiple_ips,2025-07-31 00:35:32,"Connexions depuis multiples IPs (192.168.1.103, 192.168.1.247) pour Susanne Bodin (user4) sur OFPPT Langues",Demander une réauthentification,Alerte envoyée à l'utilisateur
OFPPT Academy,user41,multiple_ips,2025-07-31 00:34:32,"Connexions depuis multiples IPs (192.168.1.167, 192.168.1.168) pour Noël Raynaud (user41) sur OFPPT Academy",Demander une réauthentification,Alerte envoyée à l'utilisateur
Electude,user51,multiple_ips,2025-07-31 00:35:02,"Connexions depuis multiples IPs (192.168.1.142, 192.168.1.26) pour Nicolas Fernandez (user51) sur Electude",Demander une réauthentification,Alerte envoyée à l'utilisateur
ScholarVox,user54,multiple_ips,2025-07-31 00:35:02,"Connexions depuis multiples IPs (10.0.0.42, 192.168.1.234) pour Monique Bouvier (user54) sur ScholarVox",Demander une réauthentification,Alerte envoyée à l'utilisateur
OFPPT Langues,user66,multiple_ips,2025-07-31 00:34:32,"Connexions depuis multiples IPs (192.168.1.218, 192.168.1.81) pour Jean Boutin (user66) sur OFPPT Langues",Demander une réauthentification,Alerte envoyée à l'utilisateur
OFPPT Langues,user7,multiple_ips,2025-07-31 00:34:32,"Connexions depuis multiples IPs (192.168.1.228, 192.168.1.76) pour Olivier Gros (user7) sur OFPPT Langues",Demander une réauthentification,Alerte envoyée à l'utilisateur
OFPPT Langues,user79,multiple_ips,2025-07-31 00:34:32,"Connexions depuis multiples IPs (192.168.1.139, 192.168.1.160) pour Patrick Laurent (user79) sur OFPPT Langues",Demander une réauthentification,Alerte envoyée à l'utilisateur
OFPPT Langues,user83,multiple_ips,2025-07-31 00:34:32,"Connexions depuis multiples IPs (192.168.1.101, 192.168.1.254, 192.168.1.231) pour Julien Chartier (user83) sur OFPPT Langues",Demander une réauthentification,Alerte envoyée à l'utilisateur
Electude,user84,multiple_ips,2025-07-31 00:34:32,"Connexions depuis multiples IPs (192.168.1.118, 10.0.0.51) pour Thomas Hoareau (user84) sur Electude",Demander une réauthentification,Alerte envoyée à l'utilisateur
OFPPT Academy,user87,multiple_ips,2025-07-31 00:34:32,"Connexions depuis multiples IPs (192.168.1.60, 192.168.1.65) pour Michèle Perret (user87) sur OFPPT Academy",Demander une réauthentification,Alerte envoyée à l'utilisateur
ScholarVox,user90,multiple_ips,2025-07-31 00:34:32,"Connexions depuis multiples IPs (192.168.1.181, 192.168.1.175) pour Margaret Pruvost (user90) sur ScholarVox",Demander une réauthentification,Alerte envoyée à l'utilisateur
Electude,user94,multiple_ips,2025-07-31 00:34:32,"Connexions depuis multiples IPs (192.168.1.43, 192.168.1.84) pour Xavier Chartier (user94) sur Electude",Demander une réauthentification,Alerte envoyée à l'utilisateur
OFPPT Langues,user95,multiple_ips,2025-07-31 00:34:32,"Connexions depuis multiples IPs (192.168.1.26, 192.168.1.192) pour Henriette Fontaine (user95) sur OFPPT Langues",Demander une réauthentification,Alerte envoyée à l'utilisateur
Electude,user84,unauthorized_access,2025-07-31 00:34:32,Tentative d'accès non autorisée pour Thomas Hoareau (user84) sur Electude,Bloquer temporairement le compte,Utilisateur user84 bloqué temporairement sur Electude
OFPPT Langues,user83,unauthorized_access,2025-07-31 00:34:32,Tentative d'accès non autorisée pour Julien Chartier (user83) sur OFPPT Langues,Bloquer temporairement le compte,Utilisateur user83 bloqué temporairement sur OFPPT Langues
OFPPT Academy,user67,unauthorized_access,2025-07-31 00:34:32,Tentative d'accès non autorisée pour Joséphine Hebert (user67) sur OFPPT Academy,Bloquer temporairement le compte,Utilisateur user67 bloqué temporairement sur OFPPT Academy
Electude,user38,unauthorized_access,2025-07-31 00:34:32,Tentative d'accès non autorisée pour Étienne Gomes (user38) sur Electude,Bloquer temporairement le compte,Utilisateur user38 bloqué temporairement sur Electude
Electude,user30,unauthorized_access,2025-07-31 00:35:02,Tentative d'accès non autorisée pour Élodie Brun (user30) sur Electude,Bloquer temporairement le compte,Utilisateur user30 bloqué temporairement sur Electude
OFPPT Academy,user71,unauthorized_access,2025-07-31 00:35:02,Tentative d'accès non autorisée pour Jérôme François (user71) sur OFPPT Academy,Bloquer temporairement le compte,Utilisateur user71 bloqué temporairement sur OFPPT Academy
OFPPT Academy,user13,unauthorized_access,2025-07-31 00:35:02,Tentative d'accès non autorisée pour Philippine Durand (user13) sur OFPPT Academy,Bloquer temporairement le compte,Utilisateur user13 bloqué temporairement sur OFPPT Academy
ScholarVox,user29,unauthorized_access,2025-07-31 00:35:32,Tentative d'accès non autorisée pour Léon Guyot (user29) sur ScholarVox,Bloquer temporairement le compte,Utilisateur user29 bloqué temporairement sur ScholarVox
ScholarVox,user27,unauthorized_access,2025-07-31 00:35:32,Tentative d'accès non autorisée pour Sabine Voisin (user27) sur ScholarVox,Bloquer temporairement le compte,Utilisateur user27 bloqué temporairement sur ScholarVox
OFPPT Langues,user39,unauthorized_access,2025-07-31 00:35:32,Tentative d'accès non autorisée pour Marie Perrot (user39) sur OFPPT Langues,Bloquer temporairement le compte,Utilisateur user39 bloqué temporairement sur OFPPT Langues
ScholarVox,user85,unauthorized_access,2025-07-31 00:35:32,Tentative d'accès non autorisée pour Matthieu Gosselin (user85) sur ScholarVox,Bloquer temporairement le compte,Utilisateur user85 bloqué temporairement sur ScholarVox
ScholarVox,user52,unauthorized_access,2025-07-31 00:35:32,Tentative d'accès non autorisée pour Marc Weiss (user52) sur ScholarVox,Bloquer temporairement le compte,Utilisateur user52 bloqué temporairement sur ScholarVox
OFPPT Langues,user78,unauthorized_access,2025-07-31 00:35:32,Tentative d'accès non autorisée pour Eugène Laporte (user78) sur OFPPT Langues,Bloquer temporairement le compte,Utilisateur user78 bloqué temporairement sur OFPPT Langues
Electude,user51,unauthorized_access,2025-07-31 00:35:32,Tentative d'accès non autorisée pour Nicolas Fernandez (user51) sur Electude,Bloquer temporairement le compte,Utilisateur user51 bloqué temporairement sur Electude
ScholarVox,user15,unauthorized_access,2025-07-31 00:35:32,Tentative d'accès non autorisée pour Brigitte Marin (user15) sur ScholarVox,Bloquer temporairement le compte,Utilisateur user15 bloqué temporairement sur ScholarVox
Electude,user93,unauthorized_access,2025-07-31 00:35:32,Tentative d'accès non autorisée pour Chantal Jacques (user93) sur Electude,Bloquer temporairement le compte,Utilisateur user93 bloqué temporairement sur Electude
Electude,user11,unauthorized_access,2025-07-31 00:35:32,Tentative d'accès non autorisée pour Henriette Louis (user11) sur Electude,Bloquer temporairement le compte,Utilisateur user11 bloqué temporairement sur Electude
ScholarVox,user92,unauthorized_access,2025-07-31 00:35:32,Tentative d'accès non autorisée pour Andrée Lecoq (user92) sur ScholarVox,Bloquer temporairement le compte,Utilisateur user92 bloqué temporairement sur ScholarVox
ScholarVox,user27,unauthorized_access,2025-07-31 00:35:32,Tentative d'accès non autorisée pour Sabine Voisin (user27) sur ScholarVox,Bloquer temporairement le compte,Utilisateur user27 bloqué temporairement sur ScholarVox
Electude,user44,suspicious_ip,2025-07-31 00:34:32,Connexion depuis une IP suspecte (203.0.113.1) pour Émilie Monnier (user44) sur Electude,Blacklister l'IP et demander une authentification,Utilisateur user44 bloqué temporairement sur Electude
OFPPT Langues,user17,suspicious_ip,2025-07-31 00:35:32,Connexion depuis une IP suspecte (203.0.113.1) pour Margaux Gilles (user17) sur OFPPT Langues,Blacklister l'IP et demander une authentification,Utilisateur user17 bloqué temporairement sur OFPPT Langues
ScholarVox,user100,multiple_ips,2025-07-31 08:52:57,"Connexions depuis multiples IPs (192.168.1.18, 192.168.1.27) pour Hortense Bernier (user100) sur ScholarVox",Demander une réauthentification,Alerte envoyée à l'utilisateur
Electude,user28,multiple_ips,2025-07-31 08:52:27,"Connexions depuis multiples IPs (192.168.1.249, 192.168.1.171) pour Vincent Daniel (user28) sur Electude",Demander une réauthentification,Alerte envoyée à l'utilisateur
Electude,user30,multiple_ips,2025-07-31 08:52:27,"Connexions depuis multiples IPs (192.168.1.236, 192.168.1.216) pour Élodie Brun (user30) sur Electude",Demander une réauthentification,Alerte envoyée à l'utilisateur
OFPPT Academy,user63,multiple_ips,2025-07-31 08:52:27,"Connexions depuis multiples IPs (192.168.1.13, 192.168.1.29) pour André Grondin (user63) sur OFPPT Academy",Demander une réauthentification,Alerte envoyée à l'utilisateur
Electude,user73,multiple_ips,2025-07-31 08:52:57,"Connexions depuis multiples IPs (192.168.1.41, 192.168.1.167) pour Capucine Millet (user73) sur Electude",Demander une réauthentification,Alerte envoyée à l'utilisateur
OFPPT Langues,user75,multiple_ips,2025-07-31 08:52:27,"Connexions depuis multiples IPs (192.168.1.106, 192.168.1.253) pour Mathilde Fleury (user75) sur OFPPT Langues",Demander une réauthentification,Alerte envoyée à l'utilisateur
OFPPT Langues,user78,multiple_ips,2025-07-31 08:52:27,"Connexions depuis multiples IPs (192.168.1.157, 192.168.1.92, 192.168.1.97) pour Eugène Laporte (user78) sur OFPPT Langues",Demander une réauthentification,Alerte envoyée à l'utilisateur
OFPPT Langues,user86,multiple_ips,2025-07-31 08:52:27,"Connexions depuis multiples IPs (192.168.1.107, 192.168.1.109) pour Michelle Humbert (user86) sur OFPPT Langues",Demander une réauthentification,Alerte envoyée à l'utilisateur
ScholarVox,user99,multiple_ips,2025-07-31 08:52:57,"Connexions depuis multiples IPs (192.168.1.67, 192.168.1.215, 192.168.1.154) pour Susan Philippe (user99) sur ScholarVox",Demander une réauthentification,Alerte envoyée à l'utilisateur
OFPPT Academy,user60,unauthorized_access,2025-07-31 08:52:27,Tentative d'accès non autorisée pour Luc Guillou (user60) sur OFPPT Academy,Bloquer temporairement le compte,Utilisateur user60 bloqué temporairement sur OFPPT Academy
OFPPT Langues,user86,unauthorized_access,2025-07-31 08:52:27,Tentative d'accès non autorisée pour Michelle Humbert (user86) sur OFPPT Langues,Bloquer temporairement le compte,Utilisateur user86 bloqué temporairement sur OFPPT Langues
OFPPT Langues,user30,unauthorized_access,2025-07-31 08:52:27,Tentative d'accès non autorisée pour Élodie Brun (user30) sur OFPPT Langues,Bloquer temporairement le compte,Utilisateur user30 bloqué temporairement sur OFPPT Langues
OFPPT Langues,user85,unauthorized_access,2025-07-31 08:52:27,Tentative d'accès non autorisée pour Matthieu Gosselin (user85) sur OFPPT Langues,Bloquer temporairement le compte,Utilisateur user85 bloqué temporairement sur OFPPT Langues
OFPPT Langues,user19,unauthorized_access,2025-07-31 08:52:27,Tentative d'accès non autorisée pour Brigitte Besson (user19) sur OFPPT Langues,Bloquer temporairement le compte,Utilisateur user19 bloqué temporairement sur OFPPT Langues
Electude,user56,unauthorized_access,2025-07-31 08:52:57,Tentative d'accès non autorisée pour Catherine David (user56) sur Electude,Bloquer temporairement le compte,Utilisateur user56 bloqué temporairement sur Electude
OFPPT Academy,user90,unauthorized_access,2025-07-31 08:52:57,Tentative d'accès non autorisée pour Margaret Pruvost (user90) sur OFPPT Academy,Bloquer temporairement le compte,Utilisateur user90 bloqué temporairement sur OFPPT Academy
OFPPT Academy,user85,unauthorized_access,2025-07-31 08:52:57,Tentative d'accès non autorisée pour Matthieu Gosselin (user85) sur OFPPT Academy,Bloquer temporairement le compte,Utilisateur user85 bloqué temporairement sur OFPPT Academy
ScholarVox,user54,unauthorized_access,2025-07-31 08:52:57,Tentative d'accès non autorisée pour Monique Bouvier (user54) sur ScholarVox,Bloquer temporairement le compte,Utilisateur user54 bloqué temporairement sur ScholarVox
Electude,user1,multiple_ips,2025-07-31 10:03:40,"Connexions depuis multiples IPs (192.168.1.240, 192.168.1.207) pour Marie Pichon (user1) sur Electude",Demander une réauthentification,Alerte envoyée à l'utilisateur
Electude,user18,multiple_ips,2025-07-31 10:03:40,"Connexions depuis multiples IPs (192.168.1.66, 192.168.1.79) pour Sébastien Rolland (user18) sur Electude",Demander une réauthentification,Alerte envoyée à l'utilisateur
Electude,user27,multiple_ips,2025-07-31 10:03:40,"Connexions depuis multiples IPs (192.168.1.111, 192.168.1.213) pour Sabine Voisin (user27) sur Electude",Demander une réauthentification,Alerte envoyée à l'utilisateur
OFPPT Academy,user36,multiple_ips,2025-07-31 10:03:40,"Connexions depuis multiples IPs (192.168.1.188, 192.168.1.48) pour Claire Nicolas (user36) sur OFPPT Academy",Demander une réauthentification,Alerte envoyée à l'utilisateur
OFPPT Langues,user55,multiple_ips,2025-07-31 10:03:40,"Connexions depuis multiples IPs (192.168.1.150, 192.168.1.87) pour Valentine Chauveau (user55) sur OFPPT Langues",Demander une réauthentification,Alerte envoyée à l'utilisateur
OFPPT Langues,user57,multiple_ips,2025-07-31 10:03:40,"Connexions depuis multiples IPs (192.168.1.162, 192.168.1.78) pour Sylvie Prévost (user57) sur OFPPT Langues",Demander une réauthentification,Alerte envoyée à l'utilisateur
ScholarVox,user6,multiple_ips,2025-07-31 10:04:10,"Connexions depuis multiples IPs (192.168.1.182, 192.168.1.83) pour Luce Laine (user6) sur ScholarVox",Demander une réauthentification,Alerte envoyée à l'utilisateur
Electude,user69,multiple_ips,2025-07-31 10:03:40,"Connexions depuis multiples IPs (192.168.1.29, 192.168.1.148) pour Victoire Martineau (user69) sur Electude",Demander une réauthentification,Alerte envoyée à l'utilisateur
OFPPT Academy,user73,multiple_ips,2025-07-31 10:03:40,"Connexions depuis multiples IPs (192.168.1.105, 192.168.1.223) pour Capucine Millet (user73) sur OFPPT Academy",Demander une réauthentification,Alerte envoyée à l'utilisateur
ScholarVox,user9,multiple_ips,2025-07-31 10:03:40,"Connexions depuis multiples IPs (192.168.1.122, 192.168.1.168) pour Alain Regnier (user9) sur ScholarVox",Demander une réauthentification,Alerte envoyée à l'utilisateur
ScholarVox,user93,multiple_ips,2025-07-31 10:03:40,"Connexions depuis multiples IPs (192.168.1.202, 192.168.1.171) pour Chantal Jacques (user93) sur ScholarVox",Demander une réauthentification,Alerte envoyée à l'utilisateur
Electude,user1,unauthorized_access,2025-07-31 10:03:40,Tentative d'accès non autorisée pour Marie Pichon (user1) sur Electude,Bloquer temporairement le compte,Utilisateur user1 bloqué temporairement sur Electude
OFPPT Academy,user36,unauthorized_access,2025-07-31 10:03:40,Tentative d'accès non autorisée pour Claire Nicolas (user36) sur OFPPT Academy,Bloquer temporairement le compte,Utilisateur user36 bloqué temporairement sur OFPPT Academy
Electude,user77,unauthorized_access,2025-07-31 10:03:40,Tentative d'accès non autorisée pour Mathilde Lelièvre (user77) sur Electude,Bloquer temporairement le compte,Utilisateur user77 bloqué temporairement sur Electude
OFPPT Academy,user34,unauthorized_access,2025-07-31 10:03:40,Tentative d'accès non autorisée pour Aurélie Bazin (user34) sur OFPPT Academy,Bloquer temporairement le compte,Utilisateur user34 bloqué temporairement sur OFPPT Academy
OFPPT Langues,user31,unauthorized_access,2025-07-31 10:03:40,Tentative d'accès non autorisée pour Daniel Moreno (user31) sur OFPPT Langues,Bloquer temporairement le compte,Utilisateur user31 bloqué temporairement sur OFPPT Langues
OFPPT Academy,user36,unauthorized_access,2025-07-31 10:03:40,Tentative d'accès non autorisée pour Claire Nicolas (user36) sur OFPPT Academy,Bloquer temporairement le compte,Utilisateur user36 bloqué temporairement sur OFPPT Academy
ScholarVox,user16,unauthorized_access,2025-07-31 10:04:10,Tentative d'accès non autorisée pour Jean Guillou (user16) sur ScholarVox,Bloquer temporairement le compte,Utilisateur user16 bloqué temporairement sur ScholarVox
OFPPT Langues,user55,unauthorized_access,2025-07-31 10:04:10,Tentative d'accès non autorisée pour Valentine Chauveau (user55) sur OFPPT Langues,Bloquer temporairement le compte,Utilisateur user55 bloqué temporairement sur OFPPT Langues
OFPPT Academy,user16,multiple_ips,2025-07-31 11:38:17,"Connexions depuis multiples IPs (192.168.1.242, 192.168.1.227) pour Jean Guillou (user16) sur OFPPT Academy",Demander une réauthentification,Alerte envoyée à l'utilisateur
ScholarVox,user2,multiple_ips,2025-07-31 11:37:47,"Connexions depuis multiples IPs (192.168.1.58, 192.168.1.196) pour Michelle Samson (user2) sur ScholarVox",Demander une réauthentification,Alerte envoyée à l'utilisateur
Electude,user23,multiple_ips,2025-07-31 11:37:47,"Connexions depuis multiples IPs (192.168.1.50, 192.168.1.116) pour Anouk Roger (user23) sur Electude",Demander une réauthentification,Alerte envoyée à l'utilisateur
OFPPT Langues,user4,multiple_ips,2025-07-31 11:37:47,"Connexions depuis multiples IPs (192.168.1.250, 192.168.1.129) pour Susanne Bodin (user4) sur OFPPT Langues",Demander une réauthentification,Alerte envoyée à l'utilisateur
Electude,user55,multiple_ips,2025-07-31 11:37:47,"Connexions depuis multiples IPs (192.168.1.110, 192.168.1.79) pour Valentine Chauveau (user55) sur Electude",Demander une réauthentification,Alerte envoyée à l'utilisateur
OFPPT Langues,user61,multiple_ips,2025-07-31 11:37:47,"Connexions depuis multiples IPs (10.0.0.15, 192.168.1.128) pour Yves Couturier (user61) sur OFPPT Langues",Demander une réauthentification,Alerte envoyée à l'utilisateur
ScholarVox,user64,multiple_ips,2025-07-31 11:38:17,"Connexions depuis multiples IPs (192.168.1.227, 192.168.1.36) pour Cécile Pichon (user64) sur ScholarVox",Demander une réauthentification,Alerte envoyée à l'utilisateur
OFPPT Academy,user82,multiple_ips,2025-07-31 11:37:47,"Connexions depuis multiples IPs (192.168.1.39, 192.168.1.84, 192.168.1.192) pour Auguste Dumont (user82) sur OFPPT Academy",Demander une réauthentification,Alerte envoyée à l'utilisateur
ScholarVox,user94,multiple_ips,2025-07-31 11:37:47,"Connexions depuis multiples IPs (192.168.1.253, 10.0.0.73) pour Xavier Chartier (user94) sur ScholarVox",Demander une réauthentification,Alerte envoyée à l'utilisateur
ScholarVox,user37,unauthorized_access,2025-07-31 11:37:47,Tentative d'accès non autorisée pour Gilbert Andre (user37) sur ScholarVox,Bloquer temporairement le compte,Utilisateur user37 bloqué temporairement sur ScholarVox
ScholarVox,user65,unauthorized_access,2025-07-31 11:37:47,Tentative d'accès non autorisée pour Émilie De Oliveira (user65) sur ScholarVox,Bloquer temporairement le compte,Utilisateur user65 bloqué temporairement sur ScholarVox
OFPPT Academy,user78,unauthorized_access,2025-07-31 11:37:47,Tentative d'accès non autorisée pour Eugène Laporte (user78) sur OFPPT Academy,Bloquer temporairement le compte,Utilisateur user78 bloqué temporairement sur OFPPT Academy
Electude,user14,unauthorized_access,2025-07-31 11:37:47,Tentative d'accès non autorisée pour Daniel Lesage (user14) sur Electude,Bloquer temporairement le compte,Utilisateur user14 bloqué temporairement sur Electude
OFPPT Langues,user16,unauthorized_access,2025-07-31 11:38:17,Tentative d'accès non autorisée pour Jean Guillou (user16) sur OFPPT Langues,Bloquer temporairement le compte,Utilisateur user16 bloqué temporairement sur OFPPT Langues
OFPPT Langues,user8,unauthorized_access,2025-07-31 11:38:17,Tentative d'accès non autorisée pour Théophile Pires (user8) sur OFPPT Langues,Bloquer temporairement le compte,Utilisateur user8 bloqué temporairement sur OFPPT Langues
Electude,user63,unauthorized_access,2025-07-31 11:38:17,Tentative d'accès non autorisée pour André Grondin (user63) sur Electude,Bloquer temporairement le compte,Utilisateur user63 bloqué temporairement sur Electude
ScholarVox,user2,unauthorized_access,2025-07-31 11:38:17,Tentative d'accès non autorisée pour Michelle Samson (user2) sur ScholarVox,Bloquer temporairement le compte,Utilisateur user2 bloqué temporairement sur ScholarVox
OFPPT Academy,user53,unauthorized_access,2025-07-31 11:38:17,Tentative d'accès non autorisée pour Clémence Dufour (user53) sur OFPPT Academy,Bloquer temporairement le compte,Utilisateur user53 bloqué temporairement sur OFPPT Academy
OFPPT Academy,user16,unauthorized_access,2025-07-31 11:38:17,Tentative d'accès non autorisée pour Jean Guillou (user16) sur OFPPT Academy,Bloquer temporairement le compte,Utilisateur user16 bloqué temporairement sur OFPPT Academy
Electude,user68,unauthorized_access,2025-07-31 11:38:17,Tentative d'accès non autorisée pour Julie Masse (user68) sur Electude,Bloquer temporairement le compte,Utilisateur user68 bloqué temporairement sur Electude
ScholarVox,user25,suspicious_ip,2025-07-31 11:37:47,Connexion depuis une IP suspecte (203.0.113.1) pour Stéphane Chevalier (user25) sur ScholarVox,Blacklister l'IP et demander une authentification,Utilisateur user25 bloqué temporairement sur ScholarVox
ScholarVox,user65,suspicious_ip,2025-07-31 11:37:47,Connexion depuis une IP suspecte (203.0.113.1) pour Émilie De Oliveira (user65) sur ScholarVox,Blacklister l'IP et demander une authentification,Utilisateur user65 bloqué temporairement sur ScholarVox
OFPPT Academy,user53,suspicious_ip,2025-07-31 11:38:17,Connexion depuis une IP suspecte (203.0.113.1) pour Clémence Dufour (user53) sur OFPPT Academy,Blacklister l'IP et demander une authentification,Utilisateur user53 bloqué temporairement sur OFPPT Academy
ScholarVox,user2,multiple_ips,2025-07-31 11:37:47,"Connexions depuis multiples IPs (192.168.1.58, 192.168.1.196) pour Michelle Samson (user2) sur ScholarVox",Demander une réauthentification,Alerte envoyée à l'utilisateur
OFPPT Langues,user4,multiple_ips,2025-07-31 11:37:47,"Connexions depuis multiples IPs (192.168.1.250, 192.168.1.129) pour Susanne Bodin (user4) sur OFPPT Langues",Demander une réauthentification,Alerte envoyée à l'utilisateur
ScholarVox,user59,multiple_ips,2025-07-31 12:12:58,"Connexions depuis multiples IPs (192.168.1.69, 192.168.1.247) pour Henriette Barre (user59) sur ScholarVox",Demander une réauthentification,Alerte envoyée à l'utilisateur
OFPPT Academy,user6,multiple_ips,2025-07-31 12:12:58,"Connexions depuis multiples IPs (192.168.1.243, 192.168.1.183) pour Luce Laine (user6) sur OFPPT Academy",Demander une réauthentification,Alerte envoyée à l'utilisateur
OFPPT Langues,user61,multiple_ips,2025-07-31 11:37:47,"Connexions depuis multiples IPs (10.0.0.15, 192.168.1.128) pour Yves Couturier (user61) sur OFPPT Langues",Demander une réauthentification,Alerte envoyée à l'utilisateur
ScholarVox,user64,multiple_ips,2025-07-31 11:38:17,"Connexions depuis multiples IPs (192.168.1.227, 192.168.1.36) pour Cécile Pichon (user64) sur ScholarVox",Demander une réauthentification,Alerte envoyée à l'utilisateur
OFPPT Academy,user81,multiple_ips,2025-07-31 12:12:28,"Connexions depuis multiples IPs (192.168.1.109, 192.168.1.52) pour Camille Benoit (user81) sur OFPPT Academy",Demander une réauthentification,Alerte envoyée à l'utilisateur
OFPPT Academy,user82,multiple_ips,2025-07-31 11:37:47,"Connexions depuis multiples IPs (192.168.1.39, 192.168.1.84, 192.168.1.192) pour Auguste Dumont (user82) sur OFPPT Academy",Demander une réauthentification,Alerte envoyée à l'utilisateur
ScholarVox,user89,multiple_ips,2025-07-31 12:12:58,"Connexions depuis multiples IPs (192.168.1.24, 192.168.1.176) pour Marine Le Gall (user89) sur ScholarVox",Demander une réauthentification,Alerte envoyée à l'utilisateur
Electude,user93,multiple_ips,2025-07-31 12:12:28,"Connexions depuis multiples IPs (192.168.1.124, 192.168.1.190) pour Chantal Jacques (user93) sur Electude",Demander une réauthentification,Alerte envoyée à l'utilisateur
ScholarVox,user94,multiple_ips,2025-07-31 11:37:47,"Connexions depuis multiples IPs (192.168.1.253, 10.0.0.73) pour Xavier Chartier (user94) sur ScholarVox",Demander une réauthentification,Alerte envoyée à l'utilisateur
ScholarVox,user37,unauthorized_access,2025-07-31 11:37:47,Tentative d'accès non autorisée pour Gilbert Andre (user37) sur ScholarVox,Bloquer temporairement le compte,Utilisateur user37 bloqué temporairement sur ScholarVox
ScholarVox,user65,unauthorized_access,2025-07-31 11:37:47,Tentative d'accès non autorisée pour Émilie De Oliveira (user65) sur ScholarVox,Bloquer temporairement le compte,Utilisateur user65 bloqué temporairement sur ScholarVox
OFPPT Academy,user78,unauthorized_access,2025-07-31 11:37:47,Tentative d'accès non autorisée pour Eugène Laporte (user78) sur OFPPT Academy,Bloquer temporairement le compte,Utilisateur user78 bloqué temporairement sur OFPPT Academy
Electude,user14,unauthorized_access,2025-07-31 11:37:47,Tentative d'accès non autorisée pour Daniel Lesage (user14) sur Electude,Bloquer temporairement le compte,Utilisateur user14 bloqué temporairement sur Electude
OFPPT Langues,user16,unauthorized_access,2025-07-31 11:38:17,Tentative d'accès non autorisée pour Jean Guillou (user16) sur OFPPT Langues,Bloquer temporairement le compte,Utilisateur user16 bloqué temporairement sur OFPPT Langues
OFPPT Langues,user8,unauthorized_access,2025-07-31 11:38:17,Tentative d'accès non autorisée pour Théophile Pires (user8) sur OFPPT Langues,Bloquer temporairement le compte,Utilisateur user8 bloqué temporairement sur OFPPT Langues
Electude,user63,unauthorized_access,2025-07-31 11:38:17,Tentative d'accès non autorisée pour André Grondin (user63) sur Electude,Bloquer temporairement le compte,Utilisateur user63 bloqué temporairement sur Electude
ScholarVox,user2,unauthorized_access,2025-07-31 11:38:17,Tentative d'accès non autorisée pour Michelle Samson (user2) sur ScholarVox,Bloquer temporairement le compte,Utilisateur user2 bloqué temporairement sur ScholarVox
OFPPT Academy,user53,unauthorized_access,2025-07-31 11:38:17,Tentative d'accès non autorisée pour Clémence Dufour (user53) sur OFPPT Academy,Bloquer temporairement le compte,Utilisateur user53 bloqué temporairement sur OFPPT Academy
OFPPT Academy,user16,unauthorized_access,2025-07-31 11:38:17,Tentative d'accès non autorisée pour Jean Guillou (user16) sur OFPPT Academy,Bloquer temporairement le compte,Utilisateur user16 bloqué temporairement sur OFPPT Academy
Electude,user68,unauthorized_access,2025-07-31 11:38:17,Tentative d'accès non autorisée pour Julie Masse (user68) sur Electude,Bloquer temporairement le compte,Utilisateur user68 bloqué temporairement sur Electude
ScholarVox,user5,unauthorized_access,2025-07-31 12:12:28,Tentative d'accès non autorisée pour Arnaude Seguin (user5) sur ScholarVox,Bloquer temporairement le compte,Utilisateur user5 bloqué temporairement sur ScholarVox
Electude,user92,unauthorized_access,2025-07-31 12:12:28,Tentative d'accès non autorisée pour Andrée Lecoq (user92) sur Electude,Bloquer temporairement le compte,Utilisateur user92 bloqué temporairement sur Electude
OFPPT Langues,user13,unauthorized_access,2025-07-31 12:12:28,Tentative d'accès non autorisée pour Philippine Durand (user13) sur OFPPT Langues,Bloquer temporairement le compte,Utilisateur user13 bloqué temporairement sur OFPPT Langues
OFPPT Academy,user51,unauthorized_access,2025-07-31 12:12:28,Tentative d'accès non autorisée pour Nicolas Fernandez (user51) sur OFPPT Academy,Bloquer temporairement le compte,Utilisateur user51 bloqué temporairement sur OFPPT Academy
OFPPT Academy,user6,unauthorized_access,2025-07-31 12:12:58,Tentative d'accès non autorisée pour Luce Laine (user6) sur OFPPT Academy,Bloquer temporairement le compte,Utilisateur user6 bloqué temporairement sur OFPPT Academy
OFPPT Langues,user57,unauthorized_access,2025-07-31 12:12:58,Tentative d'accès non autorisée pour Sylvie Prévost (user57) sur OFPPT Langues,Bloquer temporairement le compte,Utilisateur user57 bloqué temporairement sur OFPPT Langues
ScholarVox,user62,unauthorized_access,2025-07-31 12:12:58,Tentative d'accès non autorisée pour Margaret Perrier (user62) sur ScholarVox,Bloquer temporairement le compte,Utilisateur user62 bloqué temporairement sur ScholarVox
ScholarVox,user25,suspicious_ip,2025-07-31 11:37:47,Connexion depuis une IP suspecte (203.0.113.1) pour Stéphane Chevalier (user25) sur ScholarVox,Blacklister l'IP et demander une authentification,Utilisateur user25 bloqué temporairement sur ScholarVox
ScholarVox,user65,suspicious_ip,2025-07-31 11:37:47,Connexion depuis une IP suspecte (203.0.113.1) pour Émilie De Oliveira (user65) sur ScholarVox,Blacklister l'IP et demander une authentification,Utilisateur user65 bloqué temporairement sur ScholarVox
OFPPT Academy,user53,suspicious_ip,2025-07-31 11:38:17,Connexion depuis une IP suspecte (203.0.113.1) pour Clémence Dufour (user53) sur OFPPT Academy,Blacklister l'IP et demander une authentification,Utilisateur user53 bloqué temporairement sur OFPPT Academy
OFPPT Academy,user29,suspicious_ip,2025-07-31 12:12:28,Connexion depuis une IP suspecte (203.0.113.1) pour Léon Guyot (user29) sur OFPPT Academy,Blacklister l'IP et demander une authentification,Utilisateur user29 bloqué temporairement sur OFPPT Academy
OFPPT Academy,user51,suspicious_ip,2025-07-31 12:12:28,Connexion depuis une IP suspecte (203.0.113.1) pour Nicolas Fernandez (user51) sur OFPPT Academy,Blacklister l'IP et demander une authentification,Utilisateur user51 bloqué temporairement sur OFPPT Academy
OFPPT Academy,user70,suspicious_ip,2025-07-31 12:12:28,Connexion depuis une IP suspecte (203.0.113.1) pour Alice Lebrun (user70) sur OFPPT Academy,Blacklister l'IP et demander une authentification,Utilisateur user70 bloqué temporairement sur OFPPT Academy
Electude,user17,multiple_ips,2025-07-31 12:30:18,"Connexions depuis multiples IPs (192.168.1.116, 192.168.1.220) pour Margaux Gilles (user17) sur Electude",Demander une réauthentification,Alerte envoyée à l'utilisateur
OFPPT Academy,user2,multiple_ips,2025-07-31 12:30:18,"Connexions depuis multiples IPs (192.168.1.67, 192.168.1.27) pour Michelle Samson (user2) sur OFPPT Academy",Demander une réauthentification,Alerte envoyée à l'utilisateur
ScholarVox,user2,multiple_ips,2025-07-31 11:37:47,"Connexions depuis multiples IPs (192.168.1.58, 192.168.1.196) pour Michelle Samson (user2) sur ScholarVox",Demander une réauthentification,Alerte envoyée à l'utilisateur
OFPPT Langues,user22,multiple_ips,2025-07-31 12:30:18,"Connexions depuis multiples IPs (192.168.1.128, 192.168.1.57) pour Laetitia Grégoire (user22) sur OFPPT Langues",Demander une réauthentification,Alerte envoyée à l'utilisateur
OFPPT Langues,user4,multiple_ips,2025-07-31 11:37:47,"Connexions depuis multiples IPs (192.168.1.250, 192.168.1.129) pour Susanne Bodin (user4) sur OFPPT Langues",Demander une réauthentification,Alerte envoyée à l'utilisateur
Electude,user5,multiple_ips,2025-07-31 12:30:18,"Connexions depuis multiples IPs (192.168.1.128, 192.168.1.102) pour Arnaude Seguin (user5) sur Electude",Demander une réauthentification,Alerte envoyée à l'utilisateur
OFPPT Academy,user6,multiple_ips,2025-07-31 12:12:58,"Connexions depuis multiples IPs (192.168.1.243, 192.168.1.183) pour Luce Laine (user6) sur OFPPT Academy",Demander une réauthentification,Alerte envoyée à l'utilisateur
OFPPT Langues,user61,multiple_ips,2025-07-31 11:37:47,"Connexions depuis multiples IPs (10.0.0.15, 192.168.1.128) pour Yves Couturier (user61) sur OFPPT Langues",Demander une réauthentification,Alerte envoyée à l'utilisateur
ScholarVox,user64,multiple_ips,2025-07-31 11:38:17,"Connexions depuis multiples IPs (192.168.1.227, 192.168.1.36) pour Cécile Pichon (user64) sur ScholarVox",Demander une réauthentification,Alerte envoyée à l'utilisateur
ScholarVox,user73,multiple_ips,2025-07-31 12:30:18,"Connexions depuis multiples IPs (203.0.113.1, 192.168.1.183, 192.168.1.41) pour Capucine Millet (user73) sur ScholarVox",Demander une réauthentification,Alerte envoyée à l'utilisateur
OFPPT Langues,user75,multiple_ips,2025-07-31 12:30:18,"Connexions depuis multiples IPs (192.168.1.222, 192.168.1.177, 192.168.1.183) pour Mathilde Fleury (user75) sur OFPPT Langues",Demander une réauthentification,Alerte envoyée à l'utilisateur
Electude,user77,multiple_ips,2025-07-31 12:30:18,"Connexions depuis multiples IPs (192.168.1.215, 192.168.1.35) pour Mathilde Lelièvre (user77) sur Electude",Demander une réauthentification,Alerte envoyée à l'utilisateur
OFPPT Academy,user82,multiple_ips,2025-07-31 11:37:47,"Connexions depuis multiples IPs (192.168.1.39, 192.168.1.84, 192.168.1.192) pour Auguste Dumont (user82) sur OFPPT Academy",Demander une réauthentification,Alerte envoyée à l'utilisateur
OFPPT Langues,user82,multiple_ips,2025-07-31 12:30:18,"Connexions depuis multiples IPs (192.168.1.196, 192.168.1.28) pour Auguste Dumont (user82) sur OFPPT Langues",Demander une réauthentification,Alerte envoyée à l'utilisateur
ScholarVox,user89,multiple_ips,2025-07-31 12:12:58,"Connexions depuis multiples IPs (192.168.1.24, 192.168.1.176) pour Marine Le Gall (user89) sur ScholarVox",Demander une réauthentification,Alerte envoyée à l'utilisateur
Electude,user93,multiple_ips,2025-07-31 12:12:28,"Connexions depuis multiples IPs (192.168.1.124, 192.168.1.190) pour Chantal Jacques (user93) sur Electude",Demander une réauthentification,Alerte envoyée à l'utilisateur
ScholarVox,user94,multiple_ips,2025-07-31 11:37:47,"Connexions depuis multiples IPs (192.168.1.253, 10.0.0.73) pour Xavier Chartier (user94) sur ScholarVox",Demander une réauthentification,Alerte envoyée à l'utilisateur
ScholarVox,user37,unauthorized_access,2025-07-31 11:37:47,Tentative d'accès non autorisée pour Gilbert Andre (user37) sur ScholarVox,Bloquer temporairement le compte,Utilisateur user37 bloqué temporairement sur ScholarVox
ScholarVox,user65,unauthorized_access,2025-07-31 11:37:47,Tentative d'accès non autorisée pour Émilie De Oliveira (user65) sur ScholarVox,Bloquer temporairement le compte,Utilisateur user65 bloqué temporairement sur ScholarVox
OFPPT Academy,user78,unauthorized_access,2025-07-31 11:37:47,Tentative d'accès non autorisée pour Eugène Laporte (user78) sur OFPPT Academy,Bloquer temporairement le compte,Utilisateur user78 bloqué temporairement sur OFPPT Academy
Electude,user14,unauthorized_access,2025-07-31 11:37:47,Tentative d'accès non autorisée pour Daniel Lesage (user14) sur Electude,Bloquer temporairement le compte,Utilisateur user14 bloqué temporairement sur Electude
OFPPT Langues,user16,unauthorized_access,2025-07-31 11:38:17,Tentative d'accès non autorisée pour Jean Guillou (user16) sur OFPPT Langues,Bloquer temporairement le compte,Utilisateur user16 bloqué temporairement sur OFPPT Langues
OFPPT Langues,user8,unauthorized_access,2025-07-31 11:38:17,Tentative d'accès non autorisée pour Théophile Pires (user8) sur OFPPT Langues,Bloquer temporairement le compte,Utilisateur user8 bloqué temporairement sur OFPPT Langues
Electude,user63,unauthorized_access,2025-07-31 11:38:17,Tentative d'accès non autorisée pour André Grondin (user63) sur Electude,Bloquer temporairement le compte,Utilisateur user63 bloqué temporairement sur Electude
ScholarVox,user2,unauthorized_access,2025-07-31 11:38:17,Tentative d'accès non autorisée pour Michelle Samson (user2) sur ScholarVox,Bloquer temporairement le compte,Utilisateur user2 bloqué temporairement sur ScholarVox
OFPPT Academy,user53,unauthorized_access,2025-07-31 11:38:17,Tentative d'accès non autorisée pour Clémence Dufour (user53) sur OFPPT Academy,Bloquer temporairement le compte,Utilisateur user53 bloqué temporairement sur OFPPT Academy
OFPPT Academy,user16,unauthorized_access,2025-07-31 11:38:17,Tentative d'accès non autorisée pour Jean Guillou (user16) sur OFPPT Academy,Bloquer temporairement le compte,Utilisateur user16 bloqué temporairement sur OFPPT Academy
Electude,user68,unauthorized_access,2025-07-31 11:38:17,Tentative d'accès non autorisée pour Julie Masse (user68) sur Electude,Bloquer temporairement le compte,Utilisateur user68 bloqué temporairement sur Electude
ScholarVox,user5,unauthorized_access,2025-07-31 12:12:28,Tentative d'accès non autorisée pour Arnaude Seguin (user5) sur ScholarVox,Bloquer temporairement le compte,Utilisateur user5 bloqué temporairement sur ScholarVox
Electude,user92,unauthorized_access,2025-07-31 12:12:28,Tentative d'accès non autorisée pour Andrée Lecoq (user92) sur Electude,Bloquer temporairement le compte,Utilisateur user92 bloqué temporairement sur Electude
OFPPT Langues,user13,unauthorized_access,2025-07-31 12:12:28,Tentative d'accès non autorisée pour Philippine Durand (user13) sur OFPPT Langues,Bloquer temporairement le compte,Utilisateur user13 bloqué temporairement sur OFPPT Langues
OFPPT Academy,user51,unauthorized_access,2025-07-31 12:12:28,Tentative d'accès non autorisée pour Nicolas Fernandez (user51) sur OFPPT Academy,Bloquer temporairement le compte,Utilisateur user51 bloqué temporairement sur OFPPT Academy
OFPPT Academy,user6,unauthorized_access,2025-07-31 12:12:58,Tentative d'accès non autorisée pour Luce Laine (user6) sur OFPPT Academy,Bloquer temporairement le compte,Utilisateur user6 bloqué temporairement sur OFPPT Academy
OFPPT Langues,user57,unauthorized_access,2025-07-31 12:12:58,Tentative d'accès non autorisée pour Sylvie Prévost (user57) sur OFPPT Langues,Bloquer temporairement le compte,Utilisateur user57 bloqué temporairement sur OFPPT Langues
ScholarVox,user62,unauthorized_access,2025-07-31 12:12:58,Tentative d'accès non autorisée pour Margaret Perrier (user62) sur ScholarVox,Bloquer temporairement le compte,Utilisateur user62 bloqué temporairement sur ScholarVox
Electude,user5,unauthorized_access,2025-07-31 12:30:18,Tentative d'accès non autorisée pour Arnaude Seguin (user5) sur Electude,Bloquer temporairement le compte,Utilisateur user5 bloqué temporairement sur Electude
ScholarVox,user13,unauthorized_access,2025-07-31 12:30:18,Tentative d'accès non autorisée pour Philippine Durand (user13) sur ScholarVox,Bloquer temporairement le compte,Utilisateur user13 bloqué temporairement sur ScholarVox
OFPPT Academy,user86,unauthorized_access,2025-07-31 12:30:18,Tentative d'accès non autorisée pour Michelle Humbert (user86) sur OFPPT Academy,Bloquer temporairement le compte,Utilisateur user86 bloqué temporairement sur OFPPT Academy
ScholarVox,user73,unauthorized_access,2025-07-31 12:30:18,Tentative d'accès non autorisée pour Capucine Millet (user73) sur ScholarVox,Bloquer temporairement le compte,Utilisateur user73 bloqué temporairement sur ScholarVox
Electude,user80,unauthorized_access,2025-07-31 12:30:18,Tentative d'accès non autorisée pour Antoine Boulay (user80) sur Electude,Bloquer temporairement le compte,Utilisateur user80 bloqué temporairement sur Electude
OFPPT Langues,user77,unauthorized_access,2025-07-31 12:30:48,Tentative d'accès non autorisée pour Mathilde Lelièvre (user77) sur OFPPT Langues,Bloquer temporairement le compte,Utilisateur user77 bloqué temporairement sur OFPPT Langues
ScholarVox,user76,unauthorized_access,2025-07-31 12:30:48,Tentative d'accès non autorisée pour Julien Martins (user76) sur ScholarVox,Bloquer temporairement le compte,Utilisateur user76 bloqué temporairement sur ScholarVox
Electude,user71,unauthorized_access,2025-07-31 12:30:48,Tentative d'accès non autorisée pour Jérôme François (user71) sur Electude,Bloquer temporairement le compte,Utilisateur user71 bloqué temporairement sur Electude
Electude,user48,unauthorized_access,2025-07-31 12:30:48,Tentative d'accès non autorisée pour Arnaude Fournier (user48) sur Electude,Bloquer temporairement le compte,Utilisateur user48 bloqué temporairement sur Electude
Electude,user3,unauthorized_access,2025-07-31 12:30:48,Tentative d'accès non autorisée pour Simone Ruiz (user3) sur Electude,Bloquer temporairement le compte,Utilisateur user3 bloqué temporairement sur Electude
ScholarVox,user60,unauthorized_access,2025-07-31 12:30:48,Tentative d'accès non autorisée pour Luc Guillou (user60) sur ScholarVox,Bloquer temporairement le compte,Utilisateur user60 bloqué temporairement sur ScholarVox
Electude,user86,unauthorized_access,2025-07-31 12:30:48,Tentative d'accès non autorisée pour Michelle Humbert (user86) sur Electude,Bloquer temporairement le compte,Utilisateur user86 bloqué temporairement sur Electude
ScholarVox,user46,unauthorized_access,2025-07-31 12:30:48,Tentative d'accès non autorisée pour Matthieu Legendre (user46) sur ScholarVox,Bloquer temporairement le compte,Utilisateur user46 bloqué temporairement sur ScholarVox
Electude,user73,unauthorized_access,2025-07-31 12:30:48,Tentative d'accès non autorisée pour Capucine Millet (user73) sur Electude,Bloquer temporairement le compte,Utilisateur user73 bloqué temporairement sur Electude
ScholarVox,user25,suspicious_ip,2025-07-31 11:37:47,Connexion depuis une IP suspecte (203.0.113.1) pour Stéphane Chevalier (user25) sur ScholarVox,Blacklister l'IP et demander une authentification,Utilisateur user25 bloqué temporairement sur ScholarVox
ScholarVox,user65,suspicious_ip,2025-07-31 11:37:47,Connexion depuis une IP suspecte (203.0.113.1) pour Émilie De Oliveira (user65) sur ScholarVox,Blacklister l'IP et demander une authentification,Utilisateur user65 bloqué temporairement sur ScholarVox
OFPPT Academy,user53,suspicious_ip,2025-07-31 11:38:17,Connexion depuis une IP suspecte (203.0.113.1) pour Clémence Dufour (user53) sur OFPPT Academy,Blacklister l'IP et demander une authentification,Utilisateur user53 bloqué temporairement sur OFPPT Academy
OFPPT Academy,user29,suspicious_ip,2025-07-31 12:12:28,Connexion depuis une IP suspecte (203.0.113.1) pour Léon Guyot (user29) sur OFPPT Academy,Blacklister l'IP et demander une authentification,Utilisateur user29 bloqué temporairement sur OFPPT Academy
OFPPT Academy,user51,suspicious_ip,2025-07-31 12:12:28,Connexion depuis une IP suspecte (203.0.113.1) pour Nicolas Fernandez (user51) sur OFPPT Academy,Blacklister l'IP et demander une authentification,Utilisateur user51 bloqué temporairement sur OFPPT Academy
OFPPT Academy,user70,suspicious_ip,2025-07-31 12:12:28,Connexion depuis une IP suspecte (203.0.113.1) pour Alice Lebrun (user70) sur OFPPT Academy,Blacklister l'IP et demander une authentification,Utilisateur user70 bloqué temporairement sur OFPPT Academy
ScholarVox,user73,suspicious_ip,2025-07-31 12:30:18,Connexion depuis une IP suspecte (203.0.113.1) pour Capucine Millet (user73) sur ScholarVox,Blacklister l'IP et demander une authentification,Utilisateur user73 bloqué temporairement sur ScholarVox
OFPPT Academy,user45,suspicious_ip,2025-07-31 12:30:18,Connexion depuis une IP suspecte (203.0.113.1) pour Thibault Brun (user45) sur OFPPT Academy,Blacklister l'IP et demander une authentification,Utilisateur user45 bloqué temporairement sur OFPPT Academy
